Ticker,month,open,close,monthly_return,month_str
ADANIENT,2023-10,2418.0,2294.65,-5.101323407775017,October 2023
ADANIENT,2023-11,2299.0,2358.55,2.5902566333188424,November 2023
ADANIENT,2023-12,2370.0,2848.95,20.208860759493664,December 2023
ADANIENT,2024-01,2852.3,3142.0,10.156715632997924,January 2024
ADANIENT,2024-02,3156.9,3285.4,4.070448858056955,February 2024
ADANIENT,2024-03,3309.85,3197.1,-3.406498783932807,March 2024
ADANIENT,2024-04,3230.2,3054.7,-5.433100117639775,April 2024
ADANIENT,2024-05,3071.95,3411.35,11.048356906850701,May 2024
ADANIENT,2024-06,3725.0,3177.15,-14.707382550335568,June 2024
ADANIENT,2024-07,3179.95,3169.4,-0.3317662227393427,July 2024
ADANIENT,2024-08,3180.0,3019.35,-5.051886792452833,August 2024
ADANIENT,2024-09,3021.1,3135.85,3.798285392737745,September 2024
ADANIENT,2024-10,3136.3,2947.25,-6.027803462678959,October 2024
ADANIENT,2024-11,2960.0,2228.0,-24.72972972972973,November 2024
ADANIPORTS,2023-10,826.0,784.75,-4.993946731234867,October 2023
ADANIPORTS,2023-11,784.75,825.5,5.1927365402994585,November 2023
ADANIPORTS,2023-12,839.2,1024.35,22.062678741658708,December 2023
ADANIPORTS,2024-01,1026.55,1207.65,17.641615118601152,January 2024
ADANIPORTS,2024-02,1213.6,1320.5,8.808503625576805,February 2024
ADANIPORTS,2024-03,1335.0,1341.85,0.5131086142322029,March 2024
ADANIPORTS,2024-04,1356.8,1324.9,-2.351120283018858,April 2024
ADANIPORTS,2024-05,1333.95,1437.4,7.755163237002889,May 2024
ADANIPORTS,2024-06,1549.0,1478.1,-4.5771465461588186,June 2024
ADANIPORTS,2024-07,1483.0,1569.9,5.859743762643297,July 2024
ADANIPORTS,2024-08,1580.95,1481.9,-6.2652202789462,August 2024
ADANIPORTS,2024-09,1490.0,1448.2,-2.8053691275167756,September 2024
ADANIPORTS,2024-10,1448.2,1375.95,-4.98895180223726,October 2024
ADANIPORTS,2024-11,1386.5,1136.75,-18.012982329606924,November 2024
APOLLOHOSP,2023-10,5138.95,4819.9,-6.208466710125613,October 2023
APOLLOHOSP,2023-11,4835.0,5528.95,14.352637021716646,November 2023
APOLLOHOSP,2023-12,5550.0,5704.1,2.776576576576583,December 2023
APOLLOHOSP,2024-01,5741.0,6352.95,10.659292806131333,January 2024
APOLLOHOSP,2024-02,6289.65,6101.6,-2.989832502603472,February 2024
APOLLOHOSP,2024-03,6102.0,6356.8,4.175680104883648,March 2024
APOLLOHOSP,2024-04,6401.0,5947.1,-7.091079518825177,April 2024
APOLLOHOSP,2024-05,5947.1,5839.2,-1.8143296732861487,May 2024
APOLLOHOSP,2024-06,5986.3,6185.7,3.330938977331568,June 2024
APOLLOHOSP,2024-07,6180.0,6615.3,7.043689320388352,July 2024
APOLLOHOSP,2024-08,6615.3,6927.5,4.71936268952277,August 2024
APOLLOHOSP,2024-09,6989.0,7199.15,3.0068679353269374,September 2024
APOLLOHOSP,2024-10,7201.5,7022.7,-2.482816079983339,October 2024
APOLLOHOSP,2024-11,7022.7,6935.1,-1.2473834849844,November 2024
ASIANPAINT,2023-10,3166.1,2995.7,-5.3820157291304795,October 2023
ASIANPAINT,2023-11,2997.95,3119.9,4.067779649427118,November 2023
ASIANPAINT,2023-12,3146.95,3402.4,8.117383498307895,December 2023
ASIANPAINT,2024-01,3403.0,2957.85,-13.081104907434618,January 2024
ASIANPAINT,2024-02,2961.0,2821.9,-4.697737250928737,February 2024
ASIANPAINT,2024-03,2832.9,2846.75,0.4888983020932581,March 2024
ASIANPAINT,2024-04,2860.95,2875.9,0.5225536971984925,April 2024
ASIANPAINT,2024-05,2875.1,2881.2,0.21216653333796773,May 2024
ASIANPAINT,2024-06,2950.0,2917.05,-1.1169491525423667,June 2024
ASIANPAINT,2024-07,2889.3,3084.45,6.754231128647064,July 2024
ASIANPAINT,2024-08,3088.0,3126.8,1.2564766839378299,August 2024
ASIANPAINT,2024-09,3148.0,3329.1,5.752858958068612,September 2024
ASIANPAINT,2024-10,3317.0,2935.65,-11.496834488996079,October 2024
ASIANPAINT,2024-11,2958.0,2472.2,-16.423258958755923,November 2024
AXISBANK,2023-10,1035.0,981.85,-5.13526570048309,October 2023
AXISBANK,2023-11,977.85,1074.25,9.85836273457074,November 2023
AXISBANK,2023-12,1075.4,1102.3,2.5013948298307476,December 2023
AXISBANK,2024-01,1095.0,1067.75,-2.4885844748858448,January 2024
AXISBANK,2024-02,1072.65,1075.1,0.22840628350345574,February 2024
AXISBANK,2024-03,1076.0,1047.2,-2.6765799256505534,March 2024
AXISBANK,2024-04,1052.35,1165.9,10.790136361476712,April 2024
AXISBANK,2024-05,1156.0,1162.15,0.5320069204152328,May 2024
AXISBANK,2024-06,1197.05,1265.25,5.6973392924272215,June 2024
AXISBANK,2024-07,1273.0,1166.1,-8.397486252945804,July 2024
AXISBANK,2024-08,1168.0,1175.25,0.6207191780821918,August 2024
AXISBANK,2024-09,1176.0,1232.2,4.778911564625854,September 2024
AXISBANK,2024-10,1228.1,1159.55,-5.581793013598238,October 2024
AXISBANK,2024-11,1164.05,1142.4,-1.8598857437395186,November 2024
BAJAJ-AUTO,2023-10,5065.0,5314.05,4.917077986179668,October 2023
BAJAJ-AUTO,2023-11,5305.0,6090.55,14.80772855796419,November 2023
BAJAJ-AUTO,2023-12,6050.0,6797.25,12.351239669421489,December 2023
BAJAJ-AUTO,2024-01,6770.0,7667.55,13.257754800590845,January 2024
BAJAJ-AUTO,2024-02,7680.0,7909.35,2.986328125000005,February 2024
BAJAJ-AUTO,2024-03,7955.0,9148.15,14.998742928975483,March 2024
BAJAJ-AUTO,2024-04,9194.8,8903.65,-3.166463653369292,April 2024
BAJAJ-AUTO,2024-05,8944.0,9084.75,1.573680679785331,May 2024
BAJAJ-AUTO,2024-06,9180.0,9501.65,3.5038126361655735,June 2024
BAJAJ-AUTO,2024-07,9505.0,9664.2,1.6749079431878038,July 2024
BAJAJ-AUTO,2024-08,9844.0,10891.5,10.640999593661112,August 2024
BAJAJ-AUTO,2024-09,10926.0,12346.0,12.996522057477577,September 2024
BAJAJ-AUTO,2024-10,12414.2,9836.3,-20.765736011986284,October 2024
BAJAJ-AUTO,2024-11,9905.0,9481.65,-4.274103987884911,November 2024
BAJAJFINSV,2023-10,1530.25,1569.55,2.5682078091815033,October 2023
BAJAJFINSV,2023-11,1574.9,1673.5,6.2607149660295836,November 2023
BAJAJFINSV,2023-12,1680.0,1685.8,0.3452380952380925,December 2023
BAJAJFINSV,2024-01,1685.8,1627.3,-3.4701625341084354,January 2024
BAJAJFINSV,2024-02,1632.0,1593.8,-2.3406862745098067,February 2024
BAJAJFINSV,2024-03,1597.95,1643.85,2.872430301323562,March 2024
BAJAJFINSV,2024-04,1659.05,1615.0,-2.6551339622072847,April 2024
BAJAJFINSV,2024-05,1615.0,1528.6,-5.349845201238396,May 2024
BAJAJFINSV,2024-06,1580.0,1588.15,0.5158227848101323,June 2024
BAJAJFINSV,2024-07,1588.2,1651.65,3.995088779750664,July 2024
BAJAJFINSV,2024-08,1655.0,1783.05,7.737160120845919,August 2024
BAJAJFINSV,2024-09,1796.4,1973.4,9.853039412157647,September 2024
BAJAJFINSV,2024-10,1973.0,1750.75,-11.264571718195642,October 2024
BAJAJFINSV,2024-11,1762.0,1600.85,-9.145856980703751,November 2024
BAJFINANCE,2023-10,7780.8,7492.65,-3.7033466995681747,October 2023
BAJFINANCE,2023-11,7520.0,7121.9,-5.293882978723409,November 2023
BAJFINANCE,2023-12,7160.0,7327.75,2.342877094972067,December 2023
BAJFINANCE,2024-01,7336.95,6862.9,-6.461131669154079,January 2024
BAJFINANCE,2024-02,6865.9,6495.35,-5.396961796705447,February 2024
BAJFINANCE,2024-03,6511.75,7245.25,11.264253080969018,March 2024
BAJFINANCE,2024-04,7261.25,6923.55,-4.65071440867619,April 2024
BAJFINANCE,2024-05,6937.85,6697.7,-3.46144699006177,May 2024
BAJFINANCE,2024-06,6948.85,7115.55,2.3989581009807353,June 2024
BAJFINANCE,2024-07,7075.0,6806.95,-3.788692579505303,July 2024
BAJFINANCE,2024-08,6831.5,7200.15,5.396325843518988,August 2024
BAJFINANCE,2024-09,7274.0,7703.0,5.897717899367611,September 2024
BAJFINANCE,2024-10,7660.1,6889.75,-10.056657223796037,October 2024
BAJFINANCE,2024-11,6930.0,6683.95,-3.5505050505050533,November 2024
BEL,2023-10,137.9,133.25,-3.3720087019579443,October 2023
BEL,2023-11,133.75,145.9,9.084112149532714,November 2023
BEL,2023-12,147.95,184.2,24.501520784048665,December 2023
BEL,2024-01,184.8,185.9,0.5952380952380921,January 2024
BEL,2024-02,187.7,205.1,9.270111880660632,February 2024
BEL,2024-03,205.95,201.5,-2.160718621024515,March 2024
BEL,2024-04,205.0,233.75,14.02439024390244,April 2024
BEL,2024-05,234.7,295.95,26.09714529186195,May 2024
BEL,2024-06,323.0,305.9,-5.2941176470588305,June 2024
BEL,2024-07,310.95,316.05,1.6401350699469444,July 2024
BEL,2024-08,317.7,299.3,-5.791627321372357,August 2024
BEL,2024-09,301.95,285.1,-5.580394104984258,September 2024
BEL,2024-10,285.1,284.9,-0.07015082427220114,October 2024
BEL,2024-11,286.65,280.85,-2.0233734519448645,November 2024
BHARTIARTL,2023-10,918.25,914.4,-0.41927579635175855,October 2023
BHARTIARTL,2023-11,903.0,1014.7,12.369878183831677,November 2023
BHARTIARTL,2023-12,1015.0,1032.2,1.6945812807881817,December 2023
BHARTIARTL,2024-01,1031.95,1170.7,13.445418867193176,January 2024
BHARTIARTL,2024-02,1165.05,1123.35,-3.5792455259430964,February 2024
BHARTIARTL,2024-03,1128.0,1228.6,8.918439716312049,March 2024
BHARTIARTL,2024-04,1228.0,1322.3,7.679153094462538,April 2024
BHARTIARTL,2024-05,1315.25,1372.75,4.371792434898309,May 2024
BHARTIARTL,2024-06,1415.3,1444.05,2.0313714406839543,June 2024
BHARTIARTL,2024-07,1450.0,1491.55,2.8655172413793073,July 2024
BHARTIARTL,2024-08,1485.0,1589.05,7.006734006734004,August 2024
BHARTIARTL,2024-09,1605.0,1709.55,6.514018691588783,September 2024
BHARTIARTL,2024-10,1705.0,1612.6,-5.419354838709682,October 2024
BHARTIARTL,2024-11,1620.0,1569.3,-3.1296296296296324,November 2024
BPCL,2023-10,174.25,174.63,0.21807747489239337,October 2023
BPCL,2023-11,175.28,217.85,24.28685531720675,November 2023
BPCL,2023-12,220.0,225.33,2.4227272727272786,December 2023
BPCL,2024-01,229.7,251.18,9.35132781889422,January 2024
BPCL,2024-02,252.28,301.93,19.680513714919933,February 2024
BPCL,2024-03,305.5,301.2,-1.4075286415711985,March 2024
BPCL,2024-04,301.5,303.68,0.7230514096185761,April 2024
BPCL,2024-05,309.0,313.9,1.5857605177993455,May 2024
BPCL,2024-06,332.5,303.95,-8.586466165413537,June 2024
BPCL,2024-07,305.7,350.05,14.50768727510632,July 2024
BPCL,2024-08,351.0,357.65,1.894586894586888,August 2024
BPCL,2024-09,361.0,369.95,2.479224376731299,September 2024
BPCL,2024-10,370.0,310.75,-16.013513513513512,October 2024
BPCL,2024-11,311.95,285.85,-8.366725436768702,November 2024
BRITANNIA,2023-10,4524.8,4426.5,-2.172471711456864,October 2023
BRITANNIA,2023-11,4442.6,4852.65,9.229955431504058,November 2023
BRITANNIA,2023-12,4873.0,5338.45,9.551610917299401,December 2023
BRITANNIA,2024-01,5339.0,5198.4,-2.6334519572953803,January 2024
BRITANNIA,2024-02,5196.05,4965.2,-4.442797894554524,February 2024
BRITANNIA,2024-03,4965.2,4911.25,-1.0865624748247769,March 2024
BRITANNIA,2024-04,4929.95,4775.95,-3.1237639326970865,April 2024
BRITANNIA,2024-05,4789.95,5179.8,8.138915855071565,May 2024
BRITANNIA,2024-06,5300.0,5475.55,3.3122641509433994,June 2024
BRITANNIA,2024-07,5475.05,5784.45,5.651089944384062,July 2024
BRITANNIA,2024-08,5784.45,5855.25,1.2239711640691886,August 2024
BRITANNIA,2024-09,5882.05,6338.15,7.754099336115801,September 2024
BRITANNIA,2024-10,6306.9,5726.9,-9.196277093342212,October 2024
BRITANNIA,2024-11,5768.55,4848.35,-15.95201567118253,November 2024
CIPLA,2023-10,1184.0,1200.0,1.3513513513513513,October 2023
CIPLA,2023-11,1200.0,1212.3,1.0249999999999961,November 2023
CIPLA,2023-12,1213.45,1246.3,2.7071572788330713,December 2023
CIPLA,2024-01,1252.45,1351.0,7.868577587927658,January 2024
CIPLA,2024-02,1359.7,1480.35,8.87328087078031,February 2024
CIPLA,2024-03,1494.0,1496.95,0.1974564926372186,March 2024
CIPLA,2024-04,1510.0,1400.0,-7.28476821192053,April 2024
CIPLA,2024-05,1400.0,1447.2,3.3714285714285745,May 2024
CIPLA,2024-06,1482.0,1480.8,-0.08097165991903141,June 2024
CIPLA,2024-07,1484.95,1544.3,3.9967675679315735,July 2024
CIPLA,2024-08,1545.95,1654.9,7.047446553898899,August 2024
CIPLA,2024-09,1669.0,1654.1,-0.8927501497902991,September 2024
CIPLA,2024-10,1660.0,1551.75,-6.521084337349397,October 2024
CIPLA,2024-11,1565.1,1486.5,-5.022043319915655,November 2024
COALINDIA,2023-10,297.05,314.25,5.790270998148456,October 2023
COALINDIA,2023-11,313.2,342.15,9.243295019157085,November 2023
COALINDIA,2023-12,343.8,376.0,9.365910413030829,December 2023
COALINDIA,2024-01,377.8,406.15,7.503970354685009,January 2024
COALINDIA,2024-02,408.8,436.7,6.824853228962812,February 2024
COALINDIA,2024-03,438.0,434.1,-0.8904109589041044,March 2024
COALINDIA,2024-04,436.7,454.3,4.030226700251895,April 2024
COALINDIA,2024-05,457.55,491.2,7.354387498634024,May 2024
COALINDIA,2024-06,515.0,473.15,-8.126213592233015,June 2024
COALINDIA,2024-07,473.35,522.2,10.320059152846735,July 2024
COALINDIA,2024-08,535.0,524.95,-1.878504672897188,August 2024
COALINDIA,2024-09,527.0,510.15,-3.197343453510441,September 2024
COALINDIA,2024-10,512.0,452.05,-11.708984374999998,October 2024
COALINDIA,2024-11,454.65,414.05,-8.929946112394143,November 2024
DRREDDY,2023-10,1117.38,1073.51,-3.9261486692083367,October 2023
DRREDDY,2023-11,1077.0,1157.63,7.4865366759517284,November 2023
DRREDDY,2023-12,1160.0,1159.58,-0.03620689655173041,December 2023
DRREDDY,2024-01,1160.0,1224.23,5.537068965517243,January 2024
DRREDDY,2024-02,1217.89,1284.85,5.498033484140588,February 2024
DRREDDY,2024-03,1289.8,1231.58,-4.513878120638861,March 2024
DRREDDY,2024-04,1243.0,1240.86,-0.17216411906678197,April 2024
DRREDDY,2024-05,1239.05,1158.37,-6.511440216294748,May 2024
DRREDDY,2024-06,1187.58,1280.47,7.821788847909203,June 2024
DRREDDY,2024-07,1286.0,1350.1,4.984447900466556,July 2024
DRREDDY,2024-08,1359.1,1406.27,3.47067912589214,August 2024
DRREDDY,2024-09,1409.94,1350.32,-4.2285487325701885,September 2024
DRREDDY,2024-10,1350.32,1274.2,-5.637182297529467,October 2024
DRREDDY,2024-11,1280.0,1214.45,-5.1210937499999964,November 2024
EICHERMOT,2023-10,3426.9,3295.55,-3.832910210394231,October 2023
EICHERMOT,2023-11,3309.8,3896.9,17.738231917336392,November 2023
EICHERMOT,2023-12,3922.0,4143.5,5.647628760836308,December 2023
EICHERMOT,2024-01,4145.0,3839.6,-7.367913148371534,January 2024
EICHERMOT,2024-02,3843.0,3792.4,-1.3166796773354128,February 2024
EICHERMOT,2024-03,3790.2,4019.3,6.044535908395345,March 2024
EICHERMOT,2024-04,4060.8,4597.4,13.214144996059876,April 2024
EICHERMOT,2024-05,4598.0,4733.45,2.9458460200086956,May 2024
EICHERMOT,2024-06,4800.0,4672.95,-2.6468750000000036,June 2024
EICHERMOT,2024-07,4640.0,4962.7,6.954741379310341,July 2024
EICHERMOT,2024-08,4970.5,4960.5,-0.20118700331958556,August 2024
EICHERMOT,2024-09,4949.75,5026.25,1.5455326026566998,September 2024
EICHERMOT,2024-10,5026.3,4894.65,-2.6192228876111763,October 2024
EICHERMOT,2024-11,4984.85,4986.2,0.0270820586376612,November 2024
GRASIM,2023-10,1920.46,1879.23,-2.1468814763129678,October 2023
GRASIM,2023-11,1886.5,1997.51,5.884442088523721,November 2023
GRASIM,2023-12,2011.95,2126.35,5.68602599468177,December 2023
GRASIM,2024-01,2136.51,2175.0,1.8015361500765164,January 2024
GRASIM,2024-02,2175.0,2191.4,0.7540229885057513,February 2024
GRASIM,2024-03,2209.0,2287.3,3.544590312358541,March 2024
GRASIM,2024-04,2300.0,2411.65,4.85434782608696,April 2024
GRASIM,2024-05,2410.0,2316.25,-3.8900414937759336,May 2024
GRASIM,2024-06,2400.0,2670.45,11.268749999999992,June 2024
GRASIM,2024-07,2666.2,2776.75,4.146350611356994,July 2024
GRASIM,2024-08,2781.95,2698.85,-2.987113355739676,August 2024
GRASIM,2024-09,2706.75,2795.55,3.2806871709614915,September 2024
GRASIM,2024-10,2794.05,2695.85,-3.514611406381427,October 2024
GRASIM,2024-11,2719.0,2598.65,-4.42625965428466,November 2024
HCLTECH,2023-10,1232.5,1276.0,3.5294117647058822,October 2023
HCLTECH,2023-11,1280.0,1340.9,4.757812500000007,November 2023
HCLTECH,2023-12,1346.0,1466.1,8.922734026745907,December 2023
HCLTECH,2024-01,1460.0,1576.0,7.9452054794520555,January 2024
HCLTECH,2024-02,1576.0,1663.85,5.574238578680197,February 2024
HCLTECH,2024-03,1675.45,1543.55,-7.872511862484711,March 2024
HCLTECH,2024-04,1549.0,1366.6,-11.77533892834087,April 2024
HCLTECH,2024-05,1358.0,1324.1,-2.4963181148748226,May 2024
HCLTECH,2024-06,1350.55,1459.6,8.074488171485687,June 2024
HCLTECH,2024-07,1465.0,1642.6,12.122866894197946,July 2024
HCLTECH,2024-08,1640.05,1753.25,6.902228590591754,August 2024
HCLTECH,2024-09,1764.2,1796.1,1.8081850130370627,September 2024
HCLTECH,2024-10,1790.0,1766.05,-1.337988826815645,October 2024
HCLTECH,2024-11,1777.0,1898.4,6.831738885762527,November 2024
HDFCBANK,2023-10,1527.0,1476.5,-3.307138179436804,October 2023
HDFCBANK,2023-11,1462.25,1558.8,6.602838091981532,November 2023
HDFCBANK,2023-12,1557.9,1709.25,9.715000962834578,December 2023
HDFCBANK,2024-01,1706.0,1462.55,-14.27022274325909,January 2024
HDFCBANK,2024-02,1465.05,1403.4,-4.208047506911018,February 2024
HDFCBANK,2024-03,1400.0,1447.9,3.421428571428578,March 2024
HDFCBANK,2024-04,1458.0,1520.1,4.259259259259253,April 2024
HDFCBANK,2024-05,1522.0,1531.55,0.6274638633377105,May 2024
HDFCBANK,2024-06,1599.0,1683.8,5.303314571607252,June 2024
HDFCBANK,2024-07,1680.0,1615.75,-3.8244047619047623,July 2024
HDFCBANK,2024-08,1622.9,1636.9,0.8626532750015403,August 2024
HDFCBANK,2024-09,1646.8,1732.05,5.176706339567646,September 2024
HDFCBANK,2024-10,1724.0,1735.7,0.6786542923433901,October 2024
HDFCBANK,2024-11,1733.0,1745.6,0.7270628967109007,November 2024
HDFCLIFE,2023-10,634.45,618.35,-2.537631018992832,October 2023
HDFCLIFE,2023-11,621.8,690.75,11.088774525570932,November 2023
HDFCLIFE,2023-12,694.05,646.7,-6.822275052229654,December 2023
HDFCLIFE,2024-01,647.0,576.6,-10.880989180834618,January 2024
HDFCLIFE,2024-02,577.2,582.0,0.8316008316008237,February 2024
HDFCLIFE,2024-03,584.9,633.35,8.283467259360583,March 2024
HDFCLIFE,2024-04,638.0,583.65,-8.51880877742947,April 2024
HDFCLIFE,2024-05,584.3,549.85,-5.895943864453181,May 2024
HDFCLIFE,2024-06,568.95,595.05,4.5873978381228415,June 2024
HDFCLIFE,2024-07,590.15,715.5,21.240362619672972,July 2024
HDFCLIFE,2024-08,715.0,738.7,3.314685314685321,August 2024
HDFCLIFE,2024-09,743.15,718.0,-3.384242750454145,September 2024
HDFCLIFE,2024-10,716.0,720.15,0.5796089385474829,October 2024
HDFCLIFE,2024-11,721.95,688.2,-4.674838977768543,November 2024
HEROMOTOCO,2023-10,3058.0,3088.35,0.9924787442773024,October 2023
HEROMOTOCO,2023-11,3095.95,3819.05,23.356320354010897,November 2023
HEROMOTOCO,2023-12,3860.0,4139.55,7.242227979274617,December 2023
HEROMOTOCO,2024-01,4139.55,4621.55,11.643777705306132,January 2024
HEROMOTOCO,2024-02,4621.7,4426.5,-4.223554103468417,February 2024
HEROMOTOCO,2024-03,4459.9,4722.3,5.88353998968588,March 2024
HEROMOTOCO,2024-04,4740.0,4543.05,-4.1550632911392364,April 2024
HEROMOTOCO,2024-05,4625.0,5119.6,10.694054054054062,May 2024
HEROMOTOCO,2024-06,5280.0,5579.6,5.674242424242431,June 2024
HEROMOTOCO,2024-07,5595.0,5488.45,-1.9043789097408435,July 2024
HEROMOTOCO,2024-08,5487.45,5455.4,-0.584059991435005,August 2024
HEROMOTOCO,2024-09,5535.0,5712.4,3.205058717253833,September 2024
HEROMOTOCO,2024-10,5712.4,4989.55,-12.654050836776126,October 2024
HEROMOTOCO,2024-11,5039.7,4794.1,-4.873305950751026,November 2024
HINDALCO,2023-10,483.1,459.5,-4.885116953011803,October 2023
HINDALCO,2023-11,458.5,515.65,12.464558342420933,November 2023
HINDALCO,2023-12,520.05,614.85,18.229016440726866,December 2023
HINDALCO,2024-01,614.5,579.35,-5.720097640358011,January 2024
HINDALCO,2024-02,578.0,503.85,-12.828719723183388,February 2024
HINDALCO,2024-03,510.0,560.25,9.852941176470589,March 2024
HINDALCO,2024-04,570.0,644.4,13.052631578947366,April 2024
HINDALCO,2024-05,635.9,689.35,8.405409655606235,May 2024
HINDALCO,2024-06,715.0,693.55,-3.0000000000000067,June 2024
HINDALCO,2024-07,699.0,669.6,-4.206008583690983,July 2024
HINDALCO,2024-08,680.0,701.35,3.1397058823529447,August 2024
HINDALCO,2024-09,706.7,756.2,7.004386585538418,September 2024
HINDALCO,2024-10,755.0,686.05,-9.132450331125835,October 2024
HINDALCO,2024-11,687.5,652.1,-5.149090909090906,November 2024
HINDUNILVR,2023-10,2490.0,2484.0,-0.24096385542168677,October 2023
HINDUNILVR,2023-11,2485.0,2545.55,2.4366197183098666,November 2023
HINDUNILVR,2023-12,2547.5,2663.95,4.571148184494596,December 2023
HINDUNILVR,2024-01,2663.85,2481.55,-6.843478424085431,January 2024
HINDUNILVR,2024-02,2475.1,2412.3,-2.5372712213647826,February 2024
HINDUNILVR,2024-03,2416.95,2264.35,-6.313742526738242,March 2024
HINDUNILVR,2024-04,2270.0,2230.45,-1.7422907488986863,April 2024
HINDUNILVR,2024-05,2205.05,2329.05,5.623455250447836,May 2024
HINDUNILVR,2024-06,2381.0,2473.05,3.8660226795464165,June 2024
HINDUNILVR,2024-07,2461.05,2705.65,9.938847239999182,July 2024
HINDUNILVR,2024-08,2714.0,2778.0,2.3581429624170966,August 2024
HINDUNILVR,2024-09,2794.0,2958.3,5.880458124552619,September 2024
HINDUNILVR,2024-10,2962.7,2528.25,-14.663988929017446,October 2024
HINDUNILVR,2024-11,2543.95,2445.25,-3.879793234929925,November 2024
ICICIBANK,2023-10,951.6,915.35,-3.8093736864228664,October 2023
ICICIBANK,2023-11,913.8,934.95,2.314510833880509,November 2023
ICICIBANK,2023-12,935.95,996.6,6.48004701105828,December 2023
ICICIBANK,2024-01,991.55,1028.15,3.691190560233991,January 2024
ICICIBANK,2024-02,1033.95,1052.2,1.7650756806421974,February 2024
ICICIBANK,2024-03,1055.0,1093.3,3.630331753554498,March 2024
ICICIBANK,2024-04,1096.05,1150.4,4.95871538707177,April 2024
ICICIBANK,2024-05,1143.0,1121.05,-1.9203849518810188,May 2024
ICICIBANK,2024-06,1170.0,1199.6,2.5299145299145223,June 2024
ICICIBANK,2024-07,1199.6,1214.9,1.27542514171392,July 2024
ICICIBANK,2024-08,1212.5,1229.2,1.3773195876288697,August 2024
ICICIBANK,2024-09,1239.0,1273.0,2.744148506860371,September 2024
ICICIBANK,2024-10,1269.8,1292.25,1.7679949598361981,October 2024
ICICIBANK,2024-11,1289.95,1278.05,-0.9225163766037513,November 2024
INDUSINDBK,2023-10,1432.0,1441.3,0.6494413407821197,October 2023
INDUSINDBK,2023-11,1443.9,1466.1,1.5375025971327527,November 2023
INDUSINDBK,2023-12,1479.0,1598.95,8.110209601081815,December 2023
INDUSINDBK,2024-01,1598.95,1534.05,-4.058913662090752,January 2024
INDUSINDBK,2024-02,1537.75,1474.9,-4.08714030238985,February 2024
INDUSINDBK,2024-03,1480.0,1553.0,4.9324324324324325,March 2024
INDUSINDBK,2024-04,1553.0,1515.7,-2.401802962009012,April 2024
INDUSINDBK,2024-05,1508.0,1461.85,-3.060344827586213,May 2024
INDUSINDBK,2024-06,1514.95,1464.5,-3.330142909006901,June 2024
INDUSINDBK,2024-07,1468.95,1427.8,-2.801320671227754,July 2024
INDUSINDBK,2024-08,1432.0,1425.25,-0.4713687150837989,August 2024
INDUSINDBK,2024-09,1425.25,1447.6,1.5681459393088868,September 2024
INDUSINDBK,2024-10,1450.0,1055.6,-27.200000000000006,October 2024
INDUSINDBK,2024-11,1061.45,998.2,-5.958829902491874,November 2024
INFY,2023-10,1436.05,1368.4,-4.710838759096123,October 2023
INFY,2023-11,1373.05,1455.15,5.979388951604103,November 2023
INFY,2023-12,1459.9,1542.9,5.685320912391259,December 2023
INFY,2024-01,1539.0,1660.9,7.920727745289155,January 2024
INFY,2024-02,1659.55,1673.9,0.8646922358470752,February 2024
INFY,2024-03,1669.0,1498.05,-10.242660275614144,March 2024
INFY,2024-04,1525.0,1420.55,-6.849180327868855,April 2024
INFY,2024-05,1413.0,1406.9,-0.4317055909412533,May 2024
INFY,2024-06,1440.0,1566.75,8.802083333333334,June 2024
INFY,2024-07,1559.5,1868.25,19.798012183392114,July 2024
INFY,2024-08,1856.1,1943.7,4.71957329885244,August 2024
INFY,2024-09,1943.35,1875.6,-3.4862479738595726,September 2024
INFY,2024-10,1875.0,1757.25,-6.279999999999999,October 2024
INFY,2024-11,1764.5,1902.25,7.806744120147351,November 2024
ITC,2023-10,441.0,428.4,-2.857142857142862,October 2023
ITC,2023-11,430.0,435.8,1.3488372093023282,November 2023
ITC,2023-12,437.9,462.1,5.5263758849052405,December 2023
ITC,2024-01,463.5,441.55,-4.735706580366772,January 2024
ITC,2024-02,442.0,406.3,-8.076923076923075,February 2024
ITC,2024-03,408.9,428.35,4.75666422108096,March 2024
ITC,2024-04,429.1,435.65,1.526450710790015,April 2024
ITC,2024-05,436.0,426.45,-2.190366972477067,May 2024
ITC,2024-06,434.0,424.9,-2.0967741935483923,June 2024
ITC,2024-07,426.3,495.35,16.197513488153884,July 2024
ITC,2024-08,495.95,501.9,1.1997177134791792,August 2024
ITC,2024-09,504.0,518.15,2.8075396825396783,September 2024
ITC,2024-10,518.15,488.8,-5.664382900704423,October 2024
ITC,2024-11,491.0,474.65,-3.32993890020367,November 2024
JSWSTEEL,2023-10,776.55,736.35,-5.1767432876183035,October 2023
JSWSTEEL,2023-11,736.9,801.1,8.712172615008827,November 2023
JSWSTEEL,2023-12,805.0,880.25,9.347826086956522,December 2023
JSWSTEEL,2024-01,880.25,818.65,-6.998011928429426,January 2024
JSWSTEEL,2024-02,822.0,800.1,-2.6642335766423333,February 2024
JSWSTEEL,2024-03,804.25,830.2,3.2266086415915503,March 2024
JSWSTEEL,2024-04,838.0,882.2,5.27446300715991,April 2024
JSWSTEEL,2024-05,883.0,880.55,-0.2774631936579893,May 2024
JSWSTEEL,2024-06,912.0,931.5,2.138157894736842,June 2024
JSWSTEEL,2024-07,935.0,928.25,-0.7219251336898396,July 2024
JSWSTEEL,2024-08,937.55,941.1,0.3786464721881573,August 2024
JSWSTEEL,2024-09,941.1,1030.05,9.451705451067891,September 2024
JSWSTEEL,2024-10,1029.0,963.65,-6.350826044703598,October 2024
JSWSTEEL,2024-11,969.9,977.35,0.7681204247860651,November 2024
KOTAKBANK,2023-10,1730.0,1739.4,0.5433526011560746,October 2023
KOTAKBANK,2023-11,1731.0,1755.45,1.4124783362218398,November 2023
KOTAKBANK,2023-12,1760.0,1908.1,8.414772727272721,December 2023
KOTAKBANK,2024-01,1909.0,1825.25,-4.387113672079622,January 2024
KOTAKBANK,2024-02,1830.0,1689.45,-7.680327868852456,February 2024
KOTAKBANK,2024-03,1695.5,1785.5,5.308168681804777,March 2024
KOTAKBANK,2024-04,1795.0,1623.95,-9.529247910863507,April 2024
KOTAKBANK,2024-05,1590.0,1680.4,5.685534591194974,May 2024
KOTAKBANK,2024-06,1721.45,1802.5,4.708240146388216,June 2024
KOTAKBANK,2024-07,1802.5,1807.9,0.2995839112344017,July 2024
KOTAKBANK,2024-08,1807.1,1780.8,-1.4553704830944583,August 2024
KOTAKBANK,2024-09,1782.0,1853.95,4.0375982042648735,September 2024
KOTAKBANK,2024-10,1847.0,1731.1,-6.275040606388743,October 2024
KOTAKBANK,2024-11,1739.6,1761.45,1.2560358703150227,November 2024
LT,2023-10,3040.5,2929.05,-3.665515540207197,October 2023
LT,2023-11,2947.45,3109.2,5.487794534258427,November 2023
LT,2023-12,3129.95,3526.0,12.653556766082533,December 2023
LT,2024-01,3538.0,3479.75,-1.646410401356699,January 2024
LT,2024-02,3480.0,3477.55,-0.07040229885056948,February 2024
LT,2024-03,3501.65,3763.9,7.489326460382963,March 2024
LT,2024-04,3780.85,3594.3,-4.934075670814757,April 2024
LT,2024-05,3590.05,3669.3,2.2074901463767915,May 2024
LT,2024-06,3855.4,3548.45,-7.961560408777306,June 2024
LT,2024-07,3535.2,3815.0,7.914686580674367,July 2024
LT,2024-08,3810.0,3704.65,-2.765091863517058,August 2024
LT,2024-09,3706.0,3675.55,-0.8216405828386352,September 2024
LT,2024-10,3667.0,3622.3,-1.2189800927188388,October 2024
LT,2024-11,3624.95,3603.5,-0.5917322997558537,November 2024
M&M,2023-10,1597.2,1458.6,-8.677685950413231,October 2023
M&M,2023-11,1464.9,1647.75,12.48208068810157,November 2023
M&M,2023-12,1656.0,1729.4,4.432367149758459,December 2023
M&M,2024-01,1729.4,1651.55,-4.50156123511045,January 2024
M&M,2024-02,1659.25,1932.4,16.462257043845117,February 2024
M&M,2024-03,1933.6,1921.35,-0.6335333057509309,March 2024
M&M,2024-04,1938.0,2156.35,11.266769865841068,April 2024
M&M,2024-05,2165.1,2506.25,15.756777977922503,May 2024
M&M,2024-06,2575.05,2866.65,11.324051960156108,June 2024
M&M,2024-07,2841.0,2907.8,2.351284758887722,July 2024
M&M,2024-08,2926.5,2805.4,-4.138048863830511,August 2024
M&M,2024-09,2848.8,3094.9,8.638725077225494,September 2024
M&M,2024-10,3105.5,2728.55,-12.138142006118171,October 2024
M&M,2024-11,2780.0,3012.95,8.379496402877692,November 2024
MARUTI,2023-10,10709.8,10392.3,-2.9645745018581113,October 2023
MARUTI,2023-11,10390.1,10608.7,2.103925852494205,November 2023
MARUTI,2023-12,10608.0,10302.3,-2.8817873303167487,December 2023
MARUTI,2024-01,10345.0,10186.9,-1.5282745287578576,January 2024
MARUTI,2024-02,10210.0,11288.3,10.56121449559255,February 2024
MARUTI,2024-03,11295.0,12600.3,11.556440903054442,March 2024
MARUTI,2024-04,12613.3,12817.5,1.618926054244335,April 2024
MARUTI,2024-05,12750.0,12399.3,-2.7505882352941233,May 2024
MARUTI,2024-06,12825.0,12033.8,-6.169200779727102,June 2024
MARUTI,2024-07,12045.0,13115.8,8.889995848899952,July 2024
MARUTI,2024-08,13393.0,12403.0,-7.391921152841037,August 2024
MARUTI,2024-09,12373.0,13238.0,6.991028853147983,September 2024
MARUTI,2024-10,13238.0,11076.5,-16.327995165432846,October 2024
MARUTI,2024-11,11150.0,11063.6,-0.7748878923766783,November 2024
NESTLEIND,2023-10,2250.69,2423.48,7.677201213849973,October 2023
NESTLEIND,2023-11,2420.0,2423.61,0.14917355371901353,November 2023
NESTLEIND,2023-12,2433.99,2658.03,9.204639295970832,December 2023
NESTLEIND,2024-01,2665.0,2506.0,-5.966228893058161,January 2024
NESTLEIND,2024-02,2510.0,2596.2,3.434262948207164,February 2024
NESTLEIND,2024-03,2596.2,2622.35,1.007241352746325,March 2024
NESTLEIND,2024-04,2622.35,2507.4,-4.383472839247234,April 2024
NESTLEIND,2024-05,2507.4,2354.9,-6.081997288027439,May 2024
NESTLEIND,2024-06,2374.8,2551.65,7.446942900454771,June 2024
NESTLEIND,2024-07,2559.8,2456.35,-4.041331354012042,July 2024
NESTLEIND,2024-08,2465.0,2500.75,1.4503042596348885,August 2024
NESTLEIND,2024-09,2500.0,2689.95,7.597999999999992,September 2024
NESTLEIND,2024-10,2690.0,2262.95,-15.875464684014876,October 2024
NESTLEIND,2024-11,2292.9,2247.3,-1.9887478738715123,November 2024
NTPC,2023-10,244.35,235.8,-3.499079189686918,October 2023
NTPC,2023-11,236.7,261.3,10.392902408111544,November 2023
NTPC,2023-12,262.35,311.15,18.601105393558203,December 2023
NTPC,2024-01,312.0,317.5,1.7628205128205128,January 2024
NTPC,2024-02,320.05,335.6,4.858615841274804,February 2024
NTPC,2024-03,335.6,335.8,0.05959475566149839,March 2024
NTPC,2024-04,339.0,363.2,7.138643067846605,April 2024
NTPC,2024-05,363.2,359.0,-1.1563876651982348,May 2024
NTPC,2024-06,385.0,378.35,-1.7272727272727213,June 2024
NTPC,2024-07,381.75,416.0,8.97184020956123,July 2024
NTPC,2024-08,419.9,416.2,-0.8811621814717764,August 2024
NTPC,2024-09,417.8,443.2,6.079463858305403,September 2024
NTPC,2024-10,446.0,408.15,-8.486547085201797,October 2024
NTPC,2024-11,412.0,365.45,-11.298543689320391,November 2024
ONGC,2023-10,189.3,186.15,-1.6640253565768652,October 2023
ONGC,2023-11,186.15,194.95,4.7273704002148715,November 2023
ONGC,2023-12,195.25,205.05,5.019206145966716,December 2023
ONGC,2024-01,206.0,252.25,22.451456310679614,January 2024
ONGC,2024-02,254.65,264.6,3.9073237777341516,February 2024
ONGC,2024-03,266.5,268.05,0.581613508442781,March 2024
ONGC,2024-04,268.05,282.85,5.521357955605302,April 2024
ONGC,2024-05,281.0,264.35,-5.925266903914583,May 2024
ONGC,2024-06,277.95,274.2,-1.3491635186184565,June 2024
ONGC,2024-07,275.0,334.2,21.527272727272724,July 2024
ONGC,2024-08,337.8,330.75,-2.087033747779755,August 2024
ONGC,2024-09,330.0,297.6,-9.818181818181811,September 2024
ONGC,2024-10,297.0,266.15,-10.387205387205395,October 2024
ONGC,2024-11,269.8,245.6,-8.96960711638251,November 2024
POWERGRID,2023-10,198.75,202.15,1.710691823899374,October 2023
POWERGRID,2023-11,202.35,208.95,3.261675315048181,November 2023
POWERGRID,2023-12,211.5,237.2,12.151300236406612,December 2023
POWERGRID,2024-01,237.9,259.3,8.995376208490963,January 2024
POWERGRID,2024-02,259.0,282.85,9.208494208494217,February 2024
POWERGRID,2024-03,285.0,276.9,-2.8421052631579027,March 2024
POWERGRID,2024-04,280.75,301.85,7.515583259127345,April 2024
POWERGRID,2024-05,301.95,310.0,2.6660043053485714,May 2024
POWERGRID,2024-06,335.0,330.95,-1.2089552238806005,June 2024
POWERGRID,2024-07,331.0,348.2,5.196374622356492,July 2024
POWERGRID,2024-08,351.15,337.4,-3.9157055389434716,August 2024
POWERGRID,2024-09,338.4,352.85,4.270094562647768,September 2024
POWERGRID,2024-10,351.1,320.8,-8.630019937339792,October 2024
POWERGRID,2024-11,322.45,336.95,4.4968212125911,November 2024
RELIANCE,2023-10,1164.97,1143.95,-1.8043383091410063,October 2023
RELIANCE,2023-11,1144.58,1188.72,3.856436422093703,November 2023
RELIANCE,2023-12,1189.0,1292.47,8.702270815811609,December 2023
RELIANCE,2024-01,1290.28,1426.63,10.56747372663299,January 2024
RELIANCE,2024-02,1435.0,1460.8,1.797909407665502,February 2024
RELIANCE,2024-03,1463.5,1485.85,1.5271609156132495,March 2024
RELIANCE,2024-04,1492.48,1467.0,-1.7072255574614077,April 2024
RELIANCE,2024-05,1472.0,1430.4,-2.826086956521733,May 2024
RELIANCE,2024-06,1483.0,1565.4,5.556304787592723,June 2024
RELIANCE,2024-07,1562.53,1505.43,-3.6543298368671264,July 2024
RELIANCE,2024-08,1512.0,1509.63,-0.15674603174602453,August 2024
RELIANCE,2024-09,1510.88,1476.58,-2.270200148257981,September 2024
RELIANCE,2024-10,1480.65,1332.05,-10.036132779522514,October 2024
RELIANCE,2024-11,1333.05,1265.4,-5.07482840103521,November 2024
SBILIFE,2023-10,1302.15,1367.85,5.045501670314466,October 2023
SBILIFE,2023-11,1371.05,1435.25,4.6825425768571565,November 2023
SBILIFE,2023-12,1438.05,1432.6,-0.3789854316609329,December 2023
SBILIFE,2024-01,1435.85,1401.15,-2.4166869798377144,January 2024
SBILIFE,2024-02,1407.3,1552.55,10.321182406025724,February 2024
SBILIFE,2024-03,1564.9,1500.25,-4.131254393251971,March 2024
SBILIFE,2024-04,1498.0,1436.55,-4.102136181575436,April 2024
SBILIFE,2024-05,1416.35,1386.4,-2.114590320189206,May 2024
SBILIFE,2024-06,1435.3,1491.95,3.9469100536473274,June 2024
SBILIFE,2024-07,1491.95,1753.65,17.5408023057073,July 2024
SBILIFE,2024-08,1791.1,1850.3,3.3052314220311567,August 2024
SBILIFE,2024-09,1850.3,1844.0,-0.34048532670377535,September 2024
SBILIFE,2024-10,1840.2,1622.15,-11.849255515704812,October 2024
SBILIFE,2024-11,1639.4,1485.15,-9.408930096376723,November 2024
SBIN,2023-10,596.6,565.55,-5.204492122024818,October 2023
SBIN,2023-11,566.25,564.75,-0.26490066225165565,November 2023
SBIN,2023-12,567.0,642.05,13.236331569664895,December 2023
SBIN,2024-01,642.2,640.5,-0.26471504204298435,January 2024
SBIN,2024-02,642.75,748.1,16.39050952936601,February 2024
SBIN,2024-03,752.0,752.35,0.046542553191492385,March 2024
SBIN,2024-04,759.05,826.25,8.853171727817672,April 2024
SBIN,2024-05,826.9,830.35,0.41722094570081575,May 2024
SBIN,2024-06,863.55,848.95,-1.690695385327996,June 2024
SBIN,2024-07,849.35,872.4,2.713839995290511,July 2024
SBIN,2024-08,877.8,815.6,-7.085896559580762,August 2024
SBIN,2024-09,817.3,787.9,-3.5972103266854254,September 2024
SBIN,2024-10,788.0,820.2,4.0862944162436605,October 2024
SBIN,2024-11,822.4,816.05,-0.7721303501945553,November 2024
SHRIRAMFIN,2023-10,1938.0,1879.85,-3.0005159958720378,October 2023
SHRIRAMFIN,2023-11,1884.0,2007.2,6.5392781316348225,November 2023
SHRIRAMFIN,2023-12,2014.0,2053.3,1.9513406156901776,December 2023
SHRIRAMFIN,2024-01,2055.55,2466.8,20.006810829218455,January 2024
SHRIRAMFIN,2024-02,2411.0,2438.6,1.144753214433841,February 2024
SHRIRAMFIN,2024-03,2469.5,2359.8,-4.442194776270493,March 2024
SHRIRAMFIN,2024-04,2371.0,2551.7,7.621256853648243,April 2024
SHRIRAMFIN,2024-05,2546.55,2354.05,-7.559246824134613,May 2024
SHRIRAMFIN,2024-06,2450.0,2911.5,18.836734693877553,June 2024
SHRIRAMFIN,2024-07,2902.05,2931.95,1.0303061628848447,July 2024
SHRIRAMFIN,2024-08,2932.9,3204.5,9.26045893143305,August 2024
SHRIRAMFIN,2024-09,3219.95,3576.95,11.087128682122394,September 2024
SHRIRAMFIN,2024-10,3577.0,3138.9,-12.247693597987137,October 2024
SHRIRAMFIN,2024-11,3159.0,2850.05,-9.779993668882552,November 2024
SUNPHARMA,2023-10,1159.55,1088.6,-6.118752964512099,October 2023
SUNPHARMA,2023-11,1092.0,1225.85,12.257326007325998,November 2023
SUNPHARMA,2023-12,1233.05,1259.45,2.1410323993349896,December 2023
SUNPHARMA,2024-01,1261.0,1418.45,12.486122125297387,January 2024
SUNPHARMA,2024-02,1427.0,1577.95,10.578135949544503,February 2024
SUNPHARMA,2024-03,1580.0,1620.55,2.566455696202529,March 2024
SUNPHARMA,2024-04,1631.6,1502.1,-7.936994361363079,April 2024
SUNPHARMA,2024-05,1503.0,1459.8,-2.874251497005991,May 2024
SUNPHARMA,2024-06,1496.5,1520.85,1.6271299699298303,June 2024
SUNPHARMA,2024-07,1520.85,1719.35,13.051911759871127,July 2024
SUNPHARMA,2024-08,1725.5,1821.65,5.572297884671115,August 2024
SUNPHARMA,2024-09,1829.95,1926.7,5.287029700265034,September 2024
SUNPHARMA,2024-10,1924.85,1848.9,-3.945762007429141,October 2024
SUNPHARMA,2024-11,1860.0,1795.3,-3.4784946236559167,November 2024
TATACONSUM,2023-10,859.32,889.44,3.5050970534841506,October 2023
TATACONSUM,2023-11,894.88,929.2,3.835151081709285,November 2023
TATACONSUM,2023-12,934.29,1073.46,14.895803230260421,December 2023
TATACONSUM,2024-01,1080.42,1104.27,2.2074748708835368,January 2024
TATACONSUM,2024-02,1104.27,1175.44,6.4449817526510795,February 2024
TATACONSUM,2024-03,1189.22,1082.74,-8.953768016010494,March 2024
TATACONSUM,2024-04,1086.5,1094.74,0.758398527381501,April 2024
TATACONSUM,2024-05,1100.32,1047.23,-4.824960011632972,May 2024
TATACONSUM,2024-06,1063.19,1083.98,1.9554359992099213,June 2024
TATACONSUM,2024-07,1076.72,1188.95,10.423322683706072,July 2024
TATACONSUM,2024-08,1188.95,1200.15,0.942007653812191,August 2024
TATACONSUM,2024-09,1200.0,1196.95,-0.2541666666666629,September 2024
TATACONSUM,2024-10,1196.95,1002.55,-16.241279919796156,October 2024
TATACONSUM,2024-11,1002.55,945.2,-5.720412946985179,November 2024
TATAMOTORS,2023-10,632.6,628.65,-0.6244072083465136,October 2023
TATAMOTORS,2023-11,630.0,706.4,12.126984126984123,November 2023
TATAMOTORS,2023-12,708.0,779.95,10.16242937853108,December 2023
TATAMOTORS,2024-01,785.0,884.2,12.63694267515924,January 2024
TATAMOTORS,2024-02,900.0,950.2,5.577777777777783,February 2024
TATAMOTORS,2024-03,958.95,992.8,3.5299024975233233,March 2024
TATAMOTORS,2024-04,1000.0,1007.9,0.7899999999999976,April 2024
TATAMOTORS,2024-05,1020.0,923.0,-9.509803921568627,May 2024
TATAMOTORS,2024-06,963.0,989.75,2.7777777777777777,June 2024
TATAMOTORS,2024-07,989.75,1156.65,16.862844152563788,July 2024
TATAMOTORS,2024-08,1167.0,1111.35,-4.768637532133684,August 2024
TATAMOTORS,2024-09,1105.0,974.65,-11.79638009049774,September 2024
TATAMOTORS,2024-10,976.9,834.05,-14.622786365032248,October 2024
TATAMOTORS,2024-11,847.95,791.0,-6.71619788902648,November 2024
TATASTEEL,2023-10,129.0,118.75,-7.945736434108527,October 2023
TATASTEEL,2023-11,119.0,127.9,7.478991596638661,November 2023
TATASTEEL,2023-12,128.9,139.6,8.301008533747082,December 2023
TATASTEEL,2024-01,140.0,135.95,-2.892857142857151,January 2024
TATASTEEL,2024-02,136.4,140.85,3.2624633431084957,February 2024
TATASTEEL,2024-03,143.0,155.85,8.986013986013983,March 2024
TATASTEEL,2024-04,156.8,165.0,5.229591836734686,April 2024
TATASTEEL,2024-05,165.0,167.2,1.3333333333333264,May 2024
TATASTEEL,2024-06,173.25,174.01,0.4386724386724334,June 2024
TATASTEEL,2024-07,174.5,165.33,-5.255014326647557,July 2024
TATASTEEL,2024-08,168.2,152.76,-9.179548156956004,August 2024
TATASTEEL,2024-09,153.9,168.55,9.519168291098119,September 2024
TATASTEEL,2024-10,169.49,148.56,-12.348811139300258,October 2024
TATASTEEL,2024-11,149.66,142.78,-4.597086729921152,November 2024
TCS,2023-10,3534.2,3368.75,-4.68139890215607,October 2023
TCS,2023-11,3355.0,3487.6,3.9523099850968677,November 2023
TCS,2023-12,3500.0,3793.4,8.382857142857146,December 2023
TCS,2024-01,3790.0,3815.95,0.6846965699208395,January 2024
TCS,2024-02,3820.0,4095.1,7.2015706806282695,February 2024
TCS,2024-03,4107.2,3876.3,-5.621834826645881,March 2024
TCS,2024-04,3897.7,3820.65,-1.9768068348000034,April 2024
TCS,2024-05,3778.05,3670.95,-2.8347957279549068,May 2024
TCS,2024-06,3732.8,3904.15,4.590387912558935,June 2024
TCS,2024-07,3884.0,4385.35,12.908084449021636,July 2024
TCS,2024-08,4399.4,4553.75,3.508432968132027,August 2024
TCS,2024-09,4576.0,4268.5,-6.7198426573426575,September 2024
TCS,2024-10,4255.55,3968.45,-6.746484003242832,October 2024
TCS,2024-11,3989.85,4244.6,6.38495181523116,November 2024
TECHM,2023-10,1220.6,1133.15,-7.16450925774208,October 2023
TECHM,2023-11,1130.95,1220.95,7.9579114903399795,November 2023
TECHM,2023-12,1226.8,1272.65,3.737365503749604,December 2023
TECHM,2024-01,1273.0,1333.65,4.764336213668507,January 2024
TECHM,2024-02,1330.0,1273.85,-4.2218045112782026,February 2024
TECHM,2024-03,1287.0,1248.1,-3.02253302253303,March 2024
TECHM,2024-04,1252.1,1263.5,0.9104704097116917,April 2024
TECHM,2024-05,1263.2,1228.45,-2.750949968334389,May 2024
TECHM,2024-06,1255.0,1430.35,13.972111553784853,June 2024
TECHM,2024-07,1430.35,1554.4,8.672702485405685,July 2024
TECHM,2024-08,1554.4,1636.5,5.281780751415331,August 2024
TECHM,2024-09,1636.5,1577.2,-3.6235869233119438,September 2024
TECHM,2024-10,1580.0,1608.65,1.813291139240512,October 2024
TECHM,2024-11,1619.0,1747.45,7.933909820877087,November 2024
TITAN,2023-10,3148.8,3189.65,1.2973196138211354,October 2023
TITAN,2023-11,3193.85,3490.6,9.291294206052257,November 2023
TITAN,2023-12,3499.0,3675.45,5.042869391254639,December 2023
TITAN,2024-01,3689.0,3697.55,0.231770127405806,January 2024
TITAN,2024-02,3738.0,3624.4,-3.039058319957194,February 2024
TITAN,2024-03,3630.0,3801.8,4.73278236914601,March 2024
TITAN,2024-04,3822.95,3589.25,-6.11308021292457,April 2024
TITAN,2024-05,3585.0,3241.9,-9.570432357043233,May 2024
TITAN,2024-06,3310.0,3404.2,2.845921450151052,June 2024
TITAN,2024-07,3382.0,3458.95,2.275280898876399,July 2024
TITAN,2024-08,3475.0,3565.15,2.5942446043165495,August 2024
TITAN,2024-09,3565.15,3823.95,7.259161606103522,September 2024
TITAN,2024-10,3823.95,3267.05,-14.563474940833423,October 2024
TITAN,2024-11,3304.0,3308.7,0.14225181598062403,November 2024
TRENT,2023-10,2074.3,2154.7,3.876006363592519,October 2023
TRENT,2023-11,2163.7,2787.0,28.807135924573657,November 2023
TRENT,2023-12,2787.0,3054.95,9.614280588446352,December 2023
TRENT,2024-01,3061.8,3086.95,0.8214122411653156,January 2024
TRENT,2024-02,3089.0,3881.8,25.665263839430242,February 2024
TRENT,2024-03,3924.0,3948.0,0.6116207951070336,March 2024
TRENT,2024-04,3974.95,4409.9,10.942276003471738,April 2024
TRENT,2024-05,4409.9,4559.15,3.3844304859520626,May 2024
TRENT,2024-06,4745.8,5479.85,15.467360613595183,June 2024
TRENT,2024-07,5500.0,5839.0,6.163636363636363,July 2024
TRENT,2024-08,5894.0,7158.75,21.45826263997285,August 2024
TRENT,2024-09,7179.25,7574.65,5.507539088344878,September 2024
TRENT,2024-10,7600.0,7128.35,-6.205921052631575,October 2024
TRENT,2024-11,7153.95,6652.8,-7.005220891954789,November 2024
ULTRACEMCO,2023-10,8289.0,8422.25,1.607552177584751,October 2023
ULTRACEMCO,2023-11,8440.0,9003.65,6.67831753554502,November 2023
ULTRACEMCO,2023-12,9103.8,10503.0,15.369406182033885,December 2023
ULTRACEMCO,2024-01,10503.0,10167.3,-3.196229648671815,January 2024
ULTRACEMCO,2024-02,10170.0,9892.4,-2.729596853490662,February 2024
ULTRACEMCO,2024-03,9900.0,9749.15,-1.5237373737373774,March 2024
ULTRACEMCO,2024-04,9749.15,9971.85,2.2843017083540693,April 2024
ULTRACEMCO,2024-05,9971.85,9915.5,-0.5650907304060968,May 2024
ULTRACEMCO,2024-06,10300.0,11667.9,13.280582524271841,June 2024
ULTRACEMCO,2024-07,11669.0,11887.2,1.8699117319393326,July 2024
ULTRACEMCO,2024-08,11887.2,11301.9,-4.923783565515858,August 2024
ULTRACEMCO,2024-09,11325.0,11802.0,4.211920529801325,September 2024
ULTRACEMCO,2024-10,11802.0,11065.7,-6.238773089306891,October 2024
ULTRACEMCO,2024-11,11080.0,11375.3,2.6651624548736397,November 2024
WIPRO,2023-10,406.45,381.8,-6.06470660597859,October 2023
WIPRO,2023-11,383.85,413.05,7.6071382050280025,November 2023
WIPRO,2023-12,413.75,471.3,13.90936555891239,December 2023
WIPRO,2024-01,473.0,478.15,1.0887949260042236,January 2024
WIPRO,2024-02,477.55,518.6,8.595958538372948,February 2024
WIPRO,2024-03,522.4,480.1,-8.097243491577327,March 2024
WIPRO,2024-04,483.7,462.4,-4.403555923092829,April 2024
WIPRO,2024-05,462.4,438.2,-5.233564013840828,May 2024
WIPRO,2024-06,450.2,514.85,14.36028431808086,June 2024
WIPRO,2024-07,517.9,522.0,0.7916586213554785,July 2024
WIPRO,2024-08,523.0,538.4,2.944550669216057,August 2024
WIPRO,2024-09,538.4,541.45,0.5664933135215581,September 2024
WIPRO,2024-10,540.2,551.8,2.147352832284322,October 2024
WIPRO,2024-11,551.7,571.65,3.616095704187045,November 2024
